{
  "methodology": {
    "v32_run": "019e7ec8-b83c-7ee2-96e8-12e3afd28d37",
    "q3_run": "019e85ef-c3d0-77a7-9052-8a82673f3ad7",
    "m_target": 3,
    "n_tasks_matched": 100,
    "bootstrap_B": 10000,
    "rng_seed": 20260602,
    "note": "Q3 B7 halted at n=100 due to alibaba rate limits. V3.2 subsampled to first M=3 definers (by agent index) for apples-to-apples; since temperature is fixed and definers are i.i.d., the first 3 of 5 is a valid subsample. Paired bootstrap jointly resamples task indices."
  },
  "task_ids": [
    "00576224",
    "009d5c81",
    "00dbd492",
    "03560426",
    "05a7bcf2",
    "0607ce86",
    "0692e18c",
    "070dd51e",
    "08573cc6",
    "0934a4d8",
    "09c534e7",
    "0a1d4ef5",
    "0a2355a6",
    "0b17323b",
    "0bb8deee",
    "0becf7df",
    "0c786b71",
    "0c9aba6e",
    "0d87d2a6",
    "0e671a1a",
    "0f63c0b9",
    "103eff5b",
    "11e1fe23",
    "12422b43",
    "12997ef3",
    "12eac192",
    "136b0064",
    "13713586",
    "137f0df0",
    "140c817e",
    "14754a24",
    "15113be4",
    "15663ba9",
    "15696249",
    "16b78196",
    "17b80ad2",
    "17cae0c1",
    "18419cfa",
    "184a9768",
    "195ba7dc",
    "1990f7a8",
    "19bb5feb",
    "1a2e2828",
    "1a6449f1",
    "1acc24af",
    "1c02dbbe",
    "1c0d0a4b",
    "1c56ad9f",
    "1d0a4b61",
    "1d398264",
    "1da012fc",
    "1e81d6f9",
    "1e97544e",
    "2037f2c7",
    "2072aba6",
    "20818e16",
    "20981f0e",
    "212895b5",
    "21f83797",
    "22a4bbc2",
    "25094a63",
    "2546ccf6",
    "256b0a75",
    "2685904e",
    "2697da3f",
    "2753e76c",
    "27a77e38",
    "27f8ce4f",
    "281123b4",
    "292dd178",
    "29700607",
    "2a5f8217",
    "2b01abd0",
    "2c0b0aff",
    "2c737e39",
    "2f0c5170",
    "310f3251",
    "3194b014",
    "319f2597",
    "31adaf00",
    "31d5ba1a",
    "32e9702f",
    "332efdb3",
    "3391f8c0",
    "33b52de3",
    "3490cc26",
    "34b99a2b",
    "351d6448",
    "358ba94e",
    "37d3e8b2",
    "3979b1a8",
    "3a301edc",
    "3b4c2228",
    "3d31c5b3",
    "3ee1011a",
    "3f23242b",
    "40f6cd08",
    "4364c1c4",
    "45737921",
    "45bbe264"
  ],
  "pass_at_1": {
    "v32": {
      "acc": 0.57,
      "n_correct": 57
    },
    "q3": {
      "acc": 0.47,
      "n_correct": 47
    },
    "delta_q3_minus_v32_paired": {
      "point_delta_pp": -9.999999999999998,
      "ci_lo_pp": -17.0,
      "ci_hi_pp": -3.9999999999999982,
      "ci_half_width_pp": 6.5,
      "excludes_zero": true,
      "frac_boot_above_zero": 0.0004
    }
  },
  "pass_at_2": {
    "v32": {
      "acc": 0.6,
      "n_correct": 60
    },
    "q3": {
      "acc": 0.48,
      "n_correct": 48
    },
    "delta_q3_minus_v32_paired": {
      "point_delta_pp": -12.0,
      "ci_lo_pp": -19.0,
      "ci_hi_pp": -5.000000000000004,
      "ci_half_width_pp": 6.999999999999998,
      "excludes_zero": true,
      "frac_boot_above_zero": 0.0
    }
  },
  "pass_at_3": {
    "v32": {
      "acc": 0.61,
      "n_correct": 61
    },
    "q3": {
      "acc": 0.48,
      "n_correct": 48
    },
    "delta_q3_minus_v32_paired": {
      "point_delta_pp": -13.0,
      "ci_lo_pp": -20.000000000000007,
      "ci_hi_pp": -6.0,
      "ci_half_width_pp": 7.0000000000000036,
      "excludes_zero": true,
      "frac_boot_above_zero": 0.0
    }
  }
}